issue_key,rule,file,line,server_status,review_decision,rationale,evidence
2e52781a-4688-4f65-90ab-cfff12c8125d,python:S5754,src/scryntic/sync/catalog.py,102,ACCEPTED,Necessary fail-closed control flow,The rollback-failure handler closes the catalog; the outer handler then reraises the original BaseException. It cannot silently continue with an open transaction or swallow cancellation. Sync transaction tests verify fail-closed behavior.,https://docs.python.org/3.12/library/contextlib.html#contextlib.contextmanager
650a5e69-f182-4be4-bb86-9eb06e104292,python:S5655,src/scryntic/sync/catalog.py,282,FALSE_POSITIVE,Verified type-model false positive,"dataclasses.replace returns the same dataclass type: CoverageSnapshot or Enrollment, matching the callee annotation. Strict mypy and recovery/sync persisted-transition tests pass; runtime Enrollment probe confirmed exact type.",https://docs.python.org/3.12/library/dataclasses.html#dataclasses.replace
4ddbe541-a3dd-498e-9b6e-364430fdaf48,python:S5655,src/scryntic/sync/catalog.py,285,FALSE_POSITIVE,Verified type-model false positive,"dataclasses.replace returns the same dataclass type: CoverageSnapshot or Enrollment, matching the callee annotation. Strict mypy and recovery/sync persisted-transition tests pass; runtime Enrollment probe confirmed exact type.",https://docs.python.org/3.12/library/dataclasses.html#dataclasses.replace
77c25156-61c5-4fc1-873f-ca239412fd22,python:S5754,src/scryntic/ingestion/sqlite_spool.py,491,ACCEPTED,Necessary fail-closed control flow,"Any rollback interruption poisons the writer via _WriterFatal, and recovery now verifies the transaction actually ended. Narrowing the catch would bypass poisoning for cancellation. Control-flow and test_sonar_recovery_rollback.py verify terminal errors and no-op rollback.",https://docs.python.org/3.12/library/concurrent.futures.html#concurrent.futures.Future.result
bd7c9b41-e302-4e07-b32d-c8aabae8fb0a,python:S5864,src/scryntic/normalization/bybit_candle.py,139,FALSE_POSITIVE,Verified type-model false positive; clearer precondition,An exact dict precondition rejects every non-dict and subclass before subscription. The apparent missing __getitem__ is an analyzer narrowing error. The type check was separated from shape validation; no redundant isinstance check or cast was kept merely to silence the analyzer. Focused normalization tests and strict mypy pass; runtime probe accepted valid dict/None and rejected 11 invalid/subclass inputs as ValueError without subscription TypeError.,https://docs.python.org/3.12/library/stdtypes.html#mapping-types-dict
333bc840-cac3-46e6-923c-8c7a2791a520,python:S5864,src/scryntic/normalization/bybit_candle.py,140,FALSE_POSITIVE,Verified type-model false positive; clearer precondition,An exact dict precondition rejects every non-dict and subclass before subscription. The apparent missing __getitem__ is an analyzer narrowing error. The type check was separated from shape validation; no redundant isinstance check or cast was kept merely to silence the analyzer. Focused normalization tests and strict mypy pass; runtime probe accepted valid dict/None and rejected 11 invalid/subclass inputs as ValueError without subscription TypeError.,https://docs.python.org/3.12/library/stdtypes.html#mapping-types-dict
fd3e83a6-c5a7-4390-9dcf-ed4afed91260,python:S5864,src/scryntic/normalization/bybit_candle.py,141,FALSE_POSITIVE,Verified type-model false positive; clearer precondition,An exact dict precondition rejects every non-dict and subclass before subscription. The apparent missing __getitem__ is an analyzer narrowing error. The type check was separated from shape validation; no redundant isinstance check or cast was kept merely to silence the analyzer. Focused normalization tests and strict mypy pass; runtime probe accepted valid dict/None and rejected 11 invalid/subclass inputs as ValueError without subscription TypeError.,https://docs.python.org/3.12/library/stdtypes.html#mapping-types-dict
06e83e0c-354b-49d8-b32c-24c4dda0aa1d,python:S5864,src/scryntic/normalization/bybit_candle.py,144,FALSE_POSITIVE,Verified type-model false positive; clearer precondition,An exact dict precondition rejects every non-dict and subclass before subscription. The apparent missing __getitem__ is an analyzer narrowing error. The type check was separated from shape validation; no redundant isinstance check or cast was kept merely to silence the analyzer. Focused normalization tests and strict mypy pass; runtime probe accepted valid dict/None and rejected 11 invalid/subclass inputs as ValueError without subscription TypeError.,https://docs.python.org/3.12/library/stdtypes.html#mapping-types-dict
5c5da3a5-d343-475a-98dd-7d297ff35e8e,python:S5754,src/scryntic/imports/bootstrap.py,126,ACCEPTED,Necessary fail-closed control flow,"Restricted bootstrap terminates with os._exit(1) for every failure, including BaseException, and emits no diagnostics. It never continues with partial isolation. Real import-boundary tests qualify the worker controls.",https://docs.python.org/3.12/library/os.html#os._exit
444bdb05-96a4-4a3d-a561-fcf93271802c,python:S930,src/scryntic/imports/catalog.py,121,FALSE_POSITIVE,Verified API false positive,sqlite3.connect accepts autocommit since Python 3.12; project pins CPython 3.12.14. Explicit True plus SQL BEGIN/COMMIT/ROLLBACK is deliberate. tests/test_sqlite_state.py and ingestion/normalization/publication suites verify transactions; strict mypy passes.,https://docs.python.org/3.12/library/sqlite3.html#sqlite3.connect
5974df5e-3153-486a-96b9-10d2911947ed,python:S5655,src/scryntic/recovery/coverage.py,277,FALSE_POSITIVE,Verified type-model false positive,"dataclasses.replace returns the same dataclass type: CoverageSnapshot or Enrollment, matching the callee annotation. Strict mypy and recovery/sync persisted-transition tests pass; runtime Enrollment probe confirmed exact type.",https://docs.python.org/3.12/library/dataclasses.html#dataclasses.replace
1d61bdc5-2d64-4da6-a0b5-d968b8617611,python:S5655,src/scryntic/recovery/coverage.py,282,FALSE_POSITIVE,Verified type-model false positive,"dataclasses.replace returns the same dataclass type: CoverageSnapshot or Enrollment, matching the callee annotation. Strict mypy and recovery/sync persisted-transition tests pass; runtime Enrollment probe confirmed exact type.",https://docs.python.org/3.12/library/dataclasses.html#dataclasses.replace
9547fc7a-181c-44eb-8003-63b2679f14fe,python:S5655,src/scryntic/recovery/coverage.py,318,FALSE_POSITIVE,Verified type-model false positive,"dataclasses.replace returns the same dataclass type: CoverageSnapshot or Enrollment, matching the callee annotation. Strict mypy and recovery/sync persisted-transition tests pass; runtime Enrollment probe confirmed exact type.",https://docs.python.org/3.12/library/dataclasses.html#dataclasses.replace
710776ea-571c-44aa-8f5c-473e57e959b4,python:S5655,src/scryntic/recovery/coverage.py,333,FALSE_POSITIVE,Verified type-model false positive,"dataclasses.replace returns the same dataclass type: CoverageSnapshot or Enrollment, matching the callee annotation. Strict mypy and recovery/sync persisted-transition tests pass; runtime Enrollment probe confirmed exact type.",https://docs.python.org/3.12/library/dataclasses.html#dataclasses.replace
2116ce44-25dd-4278-b030-fc7b5a5c7a5c,python:S5655,src/scryntic/recovery/coverage.py,469,FALSE_POSITIVE,Verified type-model false positive,"dataclasses.replace returns the same dataclass type: CoverageSnapshot or Enrollment, matching the callee annotation. Strict mypy and recovery/sync persisted-transition tests pass; runtime Enrollment probe confirmed exact type.",https://docs.python.org/3.12/library/dataclasses.html#dataclasses.replace
1b0cd66a-4191-49e9-a06d-072af09fae31,python:S5655,src/scryntic/recovery/coverage.py,488,FALSE_POSITIVE,Verified type-model false positive,"dataclasses.replace returns the same dataclass type: CoverageSnapshot or Enrollment, matching the callee annotation. Strict mypy and recovery/sync persisted-transition tests pass; runtime Enrollment probe confirmed exact type.",https://docs.python.org/3.12/library/dataclasses.html#dataclasses.replace
ed0b4c25-e09b-4476-bf6b-10cbc58bce67,python:S5655,src/scryntic/recovery/coverage.py,495,FALSE_POSITIVE,Verified type-model false positive,"dataclasses.replace returns the same dataclass type: CoverageSnapshot or Enrollment, matching the callee annotation. Strict mypy and recovery/sync persisted-transition tests pass; runtime Enrollment probe confirmed exact type.",https://docs.python.org/3.12/library/dataclasses.html#dataclasses.replace
a7c10feb-0ded-47b6-aab9-16de074280a9,python:S5655,src/scryntic/recovery/coverage.py,500,FALSE_POSITIVE,Verified type-model false positive,"dataclasses.replace returns the same dataclass type: CoverageSnapshot or Enrollment, matching the callee annotation. Strict mypy and recovery/sync persisted-transition tests pass; runtime Enrollment probe confirmed exact type.",https://docs.python.org/3.12/library/dataclasses.html#dataclasses.replace
54ba4f2c-681d-41d2-b19a-fa66670a85fc,python:S5655,src/scryntic/recovery/coverage.py,517,FALSE_POSITIVE,Verified type-model false positive,"dataclasses.replace returns the same dataclass type: CoverageSnapshot or Enrollment, matching the callee annotation. Strict mypy and recovery/sync persisted-transition tests pass; runtime Enrollment probe confirmed exact type.",https://docs.python.org/3.12/library/dataclasses.html#dataclasses.replace
1c06d75c-3960-41ea-982e-9abf51050459,python:S7497,src/scryntic/recovery/supervisor.py,96,FALSE_POSITIVE,Necessary cancellation boundary,"_settle joins shielded durable work despite repeated caller cancellation, then raises CancelledError. Immediate propagation would abandon submitted SQLite work. tests/recovery/test_settle_cancellation.py verifies the join precedes propagation.",https://docs.python.org/3.12/library/asyncio-task.html#shielding-from-cancellation
833b0092-d7ed-477d-93a9-39fd3fffb28a,python:S4830,src/scryntic/sources/bybit_live.py,162,FALSE_POSITIVE,Verified TLS false positive,"The actual aiohttp connector receives ssl.create_default_context(), with CERT_REQUIRED and check_hostname=True. HTTP and WebSocket regression tests inspect the effective context. No verification bypass was introduced; unit tests are not a live exchange handshake.",https://docs.python.org/3.12/library/ssl.html#ssl.create_default_context
30449ee1-2689-4c0d-ae0b-3b1293ba5ff4,python:S4830,src/scryntic/sources/bybit.py,170,FALSE_POSITIVE,Verified TLS false positive,"The actual aiohttp connector receives ssl.create_default_context(), with CERT_REQUIRED and check_hostname=True. HTTP and WebSocket regression tests inspect the effective context. No verification bypass was introduced; unit tests are not a live exchange handshake.",https://docs.python.org/3.12/library/ssl.html#ssl.create_default_context
e1aa7e92-7293-4315-90d0-8d7102fb86ea,python:S7503,src/scryntic/sources/bybit.py,498,ACCEPTED,Necessary asynchronous contract,"These methods implement async archive/source/provider ports and existing await/asyncio.run consumers. Immediate coroutine completion is valid; removing async breaks callers, while an artificial await adds no useful work. Archive, source and forecast suites verify the contracts.",https://docs.python.org/3.12/library/asyncio-task.html#coroutines
0f8e1869-a594-4d32-a889-3ebfdf76151a,python:S7503,src/scryntic/archive/raw_framed.py,182,ACCEPTED,Necessary asynchronous contract,"These methods implement async archive/source/provider ports and existing await/asyncio.run consumers. Immediate coroutine completion is valid; removing async breaks callers, while an artificial await adds no useful work. Archive, source and forecast suites verify the contracts.",https://docs.python.org/3.12/library/asyncio-task.html#coroutines
2f3257a0-d846-4dbd-8e0e-847c9099a35d,python:S7503,src/scryntic/archive/raw_framed.py,278,ACCEPTED,Necessary asynchronous contract,"These methods implement async archive/source/provider ports and existing await/asyncio.run consumers. Immediate coroutine completion is valid; removing async breaks callers, while an artificial await adds no useful work. Archive, source and forecast suites verify the contracts.",https://docs.python.org/3.12/library/asyncio-task.html#coroutines
76f4fed4-de2d-4565-9af7-63f284c2eedc,python:S2245,src/scryntic/benchmarks/workloads.py,244,FALSE_POSITIVE,Necessary reproducible benchmark construct,"The seeded PRNG generates public synthetic benchmark payloads or samples benchmark reads; it generates no credentials, tokens, keys, nonces or security decisions. tests/benchmarks/test_workloads.py verifies repeatability and segment identities; CSPRNG substitution would remove reproducibility.",https://docs.python.org/3.12/library/random.html
bb81876e-1777-4259-8b95-c0528989d4d2,python:S7503,src/scryntic/providers/fake.py,82,ACCEPTED,Necessary asynchronous contract,"These methods implement async archive/source/provider ports and existing await/asyncio.run consumers. Immediate coroutine completion is valid; removing async breaks callers, while an artificial await adds no useful work. Archive, source and forecast suites verify the contracts.",https://docs.python.org/3.12/library/asyncio-task.html#coroutines
503f567f-1f80-49f5-ae51-780b87e26e8e,python:S7503,src/scryntic/providers/fake.py,93,ACCEPTED,Necessary asynchronous contract,"These methods implement async archive/source/provider ports and existing await/asyncio.run consumers. Immediate coroutine completion is valid; removing async breaks callers, while an artificial await adds no useful work. Archive, source and forecast suites verify the contracts.",https://docs.python.org/3.12/library/asyncio-task.html#coroutines
d7a9bab1-aa5f-4a17-8eae-ec9847d271a4,python:S7503,src/scryntic/sources/fake.py,108,ACCEPTED,Necessary asynchronous contract,"These methods implement async archive/source/provider ports and existing await/asyncio.run consumers. Immediate coroutine completion is valid; removing async breaks callers, while an artificial await adds no useful work. Archive, source and forecast suites verify the contracts.",https://docs.python.org/3.12/library/asyncio-task.html#coroutines
67521227-54e5-45a9-ac5e-40f35d9a523a,python:S7503,src/scryntic/sources/fake.py,140,ACCEPTED,Necessary asynchronous contract,"These methods implement async archive/source/provider ports and existing await/asyncio.run consumers. Immediate coroutine completion is valid; removing async breaks callers, while an artificial await adds no useful work. Archive, source and forecast suites verify the contracts.",https://docs.python.org/3.12/library/asyncio-task.html#coroutines
b40ad224-7a94-42ac-8981-a70f963a5b08,python:S7503,src/scryntic/archive/normalized_parquet.py,455,ACCEPTED,Necessary asynchronous contract,"These methods implement async archive/source/provider ports and existing await/asyncio.run consumers. Immediate coroutine completion is valid; removing async breaks callers, while an artificial await adds no useful work. Archive, source and forecast suites verify the contracts.",https://docs.python.org/3.12/library/asyncio-task.html#coroutines
77cc93bd-aeac-4f41-8d62-e3abcedfd0a4,python:S7503,src/scryntic/archive/normalized_parquet.py,510,ACCEPTED,Necessary asynchronous contract,"These methods implement async archive/source/provider ports and existing await/asyncio.run consumers. Immediate coroutine completion is valid; removing async breaks callers, while an artificial await adds no useful work. Archive, source and forecast suites verify the contracts.",https://docs.python.org/3.12/library/asyncio-task.html#coroutines
6130b3ab-b719-4c05-aba9-3df55c540b26,python:S7503,src/scryntic/archive/raw_parquet.py,286,ACCEPTED,Necessary asynchronous contract,"These methods implement async archive/source/provider ports and existing await/asyncio.run consumers. Immediate coroutine completion is valid; removing async breaks callers, while an artificial await adds no useful work. Archive, source and forecast suites verify the contracts.",https://docs.python.org/3.12/library/asyncio-task.html#coroutines
41a349c6-b3c2-4b85-bdaf-e222f8341d00,python:S7503,src/scryntic/archive/raw_parquet.py,335,ACCEPTED,Necessary asynchronous contract,"These methods implement async archive/source/provider ports and existing await/asyncio.run consumers. Immediate coroutine completion is valid; removing async breaks callers, while an artificial await adds no useful work. Archive, source and forecast suites verify the contracts.",https://docs.python.org/3.12/library/asyncio-task.html#coroutines
b313d6ae-3001-4c1b-89ac-800339ce9d6a,python:S5754,src/scryntic/ingestion/sqlite_spool.py,223,ACCEPTED,Necessary fail-closed control flow,Interrupted startup must join the non-daemon writer before releasing ownership. An interruption during join retries cleanup; the original constructor exception is reraised after cleanup. Control-flow tests verify lock lifetime.,https://docs.python.org/3.12/library/concurrent.futures.html#concurrent.futures.Future.result
87212c41-dfd5-41e2-bf18-1aeedd550aad,python:S5754,src/scryntic/ingestion/sqlite_spool.py,305,ACCEPTED,Necessary fail-closed control flow,"The dedicated writer puts the original BaseException in the request Future; caller Future.result reraises it. It retires the queue lane in finally. Control-flow tests cover KeyboardInterrupt, SystemExit and CancelledError with rollback and writer reuse.",https://docs.python.org/3.12/library/concurrent.futures.html#concurrent.futures.Future.result
8f871c09-f147-42d6-825c-c592b857ce30,python:S930,src/scryntic/ingestion/sqlite_spool.py,314,FALSE_POSITIVE,Verified API false positive,sqlite3.connect accepts autocommit since Python 3.12; project pins CPython 3.12.14. Explicit True plus SQL BEGIN/COMMIT/ROLLBACK is deliberate. tests/test_sqlite_state.py and ingestion/normalization/publication suites verify transactions; strict mypy passes.,https://docs.python.org/3.12/library/sqlite3.html#sqlite3.connect
dd093288-1d15-42c4-b2d8-2ef995000d88,python:S5754,src/scryntic/ingestion/sqlite_spool.py,330,ACCEPTED,Necessary fail-closed control flow,Every startup failure must signal _ready so the constructor cannot wait indefinitely; sanitized IngestionError crosses the worker boundary and the connection closes in finally. Startup and control-flow tests verify failure and ownership cleanup.,https://docs.python.org/3.12/library/concurrent.futures.html#concurrent.futures.Future.result
