issue_key,rule,file,first_snapshot,first_line,final_line,final_server_state,review_decision,rationale,evidence
62e06daa-1a91-4952-94da-e7bc9f8ea549,python:S3776,scripts/audit.py,initial,54,,No longer open,Actionable; repaired,"Cohesive validation, transaction, IPC, bounded intake and workload helpers reduce branching without changing domain ownership or security boundaries. Full scan confirms no remaining complexity findings.","Project source, focused regression tests, normal gates and full Sonar reanalysis"
0e1f5564-4af4-4f61-a9f2-691a7ab94d2d,python:S6353,scripts/audit.py,initial,65,,No longer open,Actionable; repaired,Used concise digit classes with retained or explicit re.ASCII. Unicode numeric/date regressions verify the accepted alphabet remains ASCII.,"Project source, focused regression tests, normal gates and full Sonar reanalysis"
1487c577-d75b-49bd-9fe8-9cb15ba75a7a,python:S6353,scripts/audit.py,initial,65,,No longer open,Actionable; repaired,Used concise digit classes with retained or explicit re.ASCII. Unicode numeric/date regressions verify the accepted alphabet remains ASCII.,"Project source, focused regression tests, normal gates and full Sonar reanalysis"
2fff69a1-c216-4f14-b4a9-09f110f71958,python:S6353,scripts/audit.py,initial,65,,No longer open,Actionable; repaired,Used concise digit classes with retained or explicit re.ASCII. Unicode numeric/date regressions verify the accepted alphabet remains ASCII.,"Project source, focused regression tests, normal gates and full Sonar reanalysis"
b8a117a9-a222-4e2d-83fb-eeab428cfce3,python:S3776,scripts/benchmark_raw.py,initial,246,,No longer open,Actionable; repaired,"Cohesive validation, transaction, IPC, bounded intake and workload helpers reduce branching without changing domain ownership or security boundaries. Full scan confirms no remaining complexity findings.","Project source, focused regression tests, normal gates and full Sonar reanalysis"
668378e3-8321-498f-bc21-abf2b6a7732d,python:S2245,scripts/benchmark_raw.py,initial,294,,No longer open,Necessary reproducible benchmark construct,"The seeded PRNG generates public synthetic benchmark payloads or samples benchmark reads; it generates no credentials, tokens, keys, nonces or security decisions. tests/benchmarks/test_workloads.py verifies repeatability and segment identities; CSPRNG substitution would remove reproducibility.",https://docs.python.org/3.12/library/random.html
7a9cff05-3377-4d8a-b037-62cf7746fd01,python:S3776,scripts/benchmark_raw.py,initial,550,,No longer open,Actionable; repaired,"Cohesive validation, transaction, IPC, bounded intake and workload helpers reduce branching without changing domain ownership or security boundaries. Full scan confirms no remaining complexity findings.","Project source, focused regression tests, normal gates and full Sonar reanalysis"
b409ea20-3041-4125-8849-0087d7b7a9eb,python:S3776,src/scryntic/archive/canonical.py,initial,201,,No longer open,Actionable; repaired,"Cohesive validation, transaction, IPC, bounded intake and workload helpers reduce branching without changing domain ownership or security boundaries. Full scan confirms no remaining complexity findings.","Project source, focused regression tests, normal gates and full Sonar reanalysis"
276d72a3-abd4-43ac-ae3f-3caafe7c366d,python:S6353,src/scryntic/archive/model.py,initial,45,,No longer open,Actionable; repaired,Used concise digit classes with retained or explicit re.ASCII. Unicode numeric/date regressions verify the accepted alphabet remains ASCII.,"Project source, focused regression tests, normal gates and full Sonar reanalysis"
2abb09b6-4320-4eb0-9e94-46d7255bc347,python:S6353,src/scryntic/archive/model.py,initial,45,,No longer open,Actionable; repaired,Used concise digit classes with retained or explicit re.ASCII. Unicode numeric/date regressions verify the accepted alphabet remains ASCII.,"Project source, focused regression tests, normal gates and full Sonar reanalysis"
daca7193-9c39-4fe7-b9f7-38ee30c77ed5,python:S6353,src/scryntic/archive/model.py,initial,45,,No longer open,Actionable; repaired,Used concise digit classes with retained or explicit re.ASCII. Unicode numeric/date regressions verify the accepted alphabet remains ASCII.,"Project source, focused regression tests, normal gates and full Sonar reanalysis"
a6ace4c8-5688-4047-8b75-1019aee6737f,python:S3776,src/scryntic/archive/normalized_parquet.py,initial,168,,No longer open,Actionable; repaired,"Cohesive validation, transaction, IPC, bounded intake and workload helpers reduce branching without changing domain ownership or security boundaries. Full scan confirms no remaining complexity findings.","Project source, focused regression tests, normal gates and full Sonar reanalysis"
02a6e87d-6276-4f54-ad15-510cf03a1c21,python:S3776,src/scryntic/archive/normalized_parquet.py,initial,412,,No longer open,Actionable; repaired,"Cohesive validation, transaction, IPC, bounded intake and workload helpers reduce branching without changing domain ownership or security boundaries. Full scan confirms no remaining complexity findings.","Project source, focused regression tests, normal gates and full Sonar reanalysis"
b40ad224-7a94-42ac-8981-a70f963a5b08,python:S7503,src/scryntic/archive/normalized_parquet.py,initial,412,455,OPEN,Necessary asynchronous contract,"These methods implement async archive/source/provider ports and existing await/asyncio.run consumers. Immediate coroutine completion is valid; removing async breaks callers, while an artificial await adds no useful work. Archive, source and forecast suites verify the contracts.",https://docs.python.org/3.12/library/asyncio-task.html#coroutines
77cc93bd-aeac-4f41-8d62-e3abcedfd0a4,python:S7503,src/scryntic/archive/normalized_parquet.py,initial,484,510,OPEN,Necessary asynchronous contract,"These methods implement async archive/source/provider ports and existing await/asyncio.run consumers. Immediate coroutine completion is valid; removing async breaks callers, while an artificial await adds no useful work. Archive, source and forecast suites verify the contracts.",https://docs.python.org/3.12/library/asyncio-task.html#coroutines
8ecaf22f-eff4-49ce-85d4-d6ab42f17867,python:S3776,src/scryntic/archive/normalized_parquet.py,initial,579,,No longer open,Actionable; repaired,"Cohesive validation, transaction, IPC, bounded intake and workload helpers reduce branching without changing domain ownership or security boundaries. Full scan confirms no remaining complexity findings.","Project source, focused regression tests, normal gates and full Sonar reanalysis"
0f8e1869-a594-4d32-a889-3ebfdf76151a,python:S7503,src/scryntic/archive/raw_framed.py,initial,164,182,OPEN,Necessary asynchronous contract,"These methods implement async archive/source/provider ports and existing await/asyncio.run consumers. Immediate coroutine completion is valid; removing async breaks callers, while an artificial await adds no useful work. Archive, source and forecast suites verify the contracts.",https://docs.python.org/3.12/library/asyncio-task.html#coroutines
5a961703-5411-47b1-9a0d-d6501415dbbb,python:S3776,src/scryntic/archive/raw_framed.py,initial,164,,No longer open,Actionable; repaired,"Cohesive validation, transaction, IPC, bounded intake and workload helpers reduce branching without changing domain ownership or security boundaries. Full scan confirms no remaining complexity findings.","Project source, focused regression tests, normal gates and full Sonar reanalysis"
2f3257a0-d846-4dbd-8e0e-847c9099a35d,python:S7503,src/scryntic/archive/raw_framed.py,initial,278,278,OPEN,Necessary asynchronous contract,"These methods implement async archive/source/provider ports and existing await/asyncio.run consumers. Immediate coroutine completion is valid; removing async breaks callers, while an artificial await adds no useful work. Archive, source and forecast suites verify the contracts.",https://docs.python.org/3.12/library/asyncio-task.html#coroutines
356d2bce-adca-4d3b-a0a8-f9926dbac9e0,python:S3776,src/scryntic/archive/raw_parquet.py,initial,262,,No longer open,Actionable; repaired,"Cohesive validation, transaction, IPC, bounded intake and workload helpers reduce branching without changing domain ownership or security boundaries. Full scan confirms no remaining complexity findings.","Project source, focused regression tests, normal gates and full Sonar reanalysis"
6130b3ab-b719-4c05-aba9-3df55c540b26,python:S7503,src/scryntic/archive/raw_parquet.py,initial,262,286,OPEN,Necessary asynchronous contract,"These methods implement async archive/source/provider ports and existing await/asyncio.run consumers. Immediate coroutine completion is valid; removing async breaks callers, while an artificial await adds no useful work. Archive, source and forecast suites verify the contracts.",https://docs.python.org/3.12/library/asyncio-task.html#coroutines
41a349c6-b3c2-4b85-bdaf-e222f8341d00,python:S7503,src/scryntic/archive/raw_parquet.py,initial,330,335,OPEN,Necessary asynchronous contract,"These methods implement async archive/source/provider ports and existing await/asyncio.run consumers. Immediate coroutine completion is valid; removing async breaks callers, while an artificial await adds no useful work. Archive, source and forecast suites verify the contracts.",https://docs.python.org/3.12/library/asyncio-task.html#coroutines
ef23db10-8788-4e96-88ad-b81ce6a1b66b,python:S3776,src/scryntic/archive/raw_parquet.py,initial,417,,No longer open,Actionable; repaired,"Cohesive validation, transaction, IPC, bounded intake and workload helpers reduce branching without changing domain ownership or security boundaries. Full scan confirms no remaining complexity findings.","Project source, focused regression tests, normal gates and full Sonar reanalysis"
4f6f1319-0456-4991-b40a-b76ce0ee0e2a,python:S3776,src/scryntic/benchmarks/workloads.py,initial,171,,No longer open,Actionable; repaired,"Cohesive validation, transaction, IPC, bounded intake and workload helpers reduce branching without changing domain ownership or security boundaries. Full scan confirms no remaining complexity findings.","Project source, focused regression tests, normal gates and full Sonar reanalysis"
76f4fed4-de2d-4565-9af7-63f284c2eedc,python:S2245,src/scryntic/benchmarks/workloads.py,initial,196,244,OPEN,Necessary reproducible benchmark construct,"The seeded PRNG generates public synthetic benchmark payloads or samples benchmark reads; it generates no credentials, tokens, keys, nonces or security decisions. tests/benchmarks/test_workloads.py verifies repeatability and segment identities; CSPRNG substitution would remove reproducibility.",https://docs.python.org/3.12/library/random.html
a61da131-3542-4d19-a90e-ebda18d09bda,python:S6353,src/scryntic/clock/chrony.py,initial,41,,No longer open,Actionable; repaired,Used concise digit classes with retained or explicit re.ASCII. Unicode numeric/date regressions verify the accepted alphabet remains ASCII.,"Project source, focused regression tests, normal gates and full Sonar reanalysis"
de69f4fd-511a-4296-83aa-dd583c58f3ad,python:S3776,src/scryntic/clock/monitor.py,initial,113,,No longer open,Actionable; repaired,"Cohesive validation, transaction, IPC, bounded intake and workload helpers reduce branching without changing domain ownership or security boundaries. Full scan confirms no remaining complexity findings.","Project source, focused regression tests, normal gates and full Sonar reanalysis"
87ad85d6-53da-44ad-82de-af108171c5bd,python:S3776,src/scryntic/composition.py,initial,143,,No longer open,Actionable; repaired,"Cohesive validation, transaction, IPC, bounded intake and workload helpers reduce branching without changing domain ownership or security boundaries. Full scan confirms no remaining complexity findings.","Project source, focused regression tests, normal gates and full Sonar reanalysis"
05cb4328-5730-44b9-86cb-4b24ee557514,python:S3776,src/scryntic/configuration/loader.py,initial,31,,No longer open,Actionable; repaired,"Cohesive validation, transaction, IPC, bounded intake and workload helpers reduce branching without changing domain ownership or security boundaries. Full scan confirms no remaining complexity findings.","Project source, focused regression tests, normal gates and full Sonar reanalysis"
a722b10a-3988-4b51-975a-1f9583d095a5,python:S108,src/scryntic/configuration/paths.py,initial,123,,No longer open,Actionable; repaired,Documented the validation-only directory context; acquiring its descriptor is the intended ownership/mode/traversal validation.,"Project source, focused regression tests, normal gates and full Sonar reanalysis"
3ac0c39b-18c6-4a47-975c-82bc6df513c2,python:S3776,src/scryntic/dataset/selection.py,initial,75,,No longer open,Actionable; repaired,"Cohesive validation, transaction, IPC, bounded intake and workload helpers reduce branching without changing domain ownership or security boundaries. Full scan confirms no remaining complexity findings.","Project source, focused regression tests, normal gates and full Sonar reanalysis"
e396ecaa-daef-437c-bd07-6d65e7ceed13,python:S3776,src/scryntic/dataset/snapshot.py,initial,191,,No longer open,Actionable; repaired,"Cohesive validation, transaction, IPC, bounded intake and workload helpers reduce branching without changing domain ownership or security boundaries. Full scan confirms no remaining complexity findings.","Project source, focused regression tests, normal gates and full Sonar reanalysis"
5c5da3a5-d343-475a-98dd-7d297ff35e8e,python:S5754,src/scryntic/imports/bootstrap.py,initial,126,126,OPEN,Necessary fail-closed control flow,"Restricted bootstrap terminates with os._exit(1) for every failure, including BaseException, and emits no diagnostics. It never continues with partial isolation. Real import-boundary tests qualify the worker controls.",https://docs.python.org/3.12/library/os.html#os._exit
444bdb05-96a4-4a3d-a561-fcf93271802c,python:S930,src/scryntic/imports/catalog.py,initial,121,121,OPEN,Verified API false positive,sqlite3.connect accepts autocommit since Python 3.12; project pins CPython 3.12.14. Explicit True plus SQL BEGIN/COMMIT/ROLLBACK is deliberate. tests/test_sqlite_state.py and ingestion/normalization/publication suites verify transactions; strict mypy passes.,https://docs.python.org/3.12/library/sqlite3.html#sqlite3.connect
245eefb9-b48c-4757-8be5-548871e58a2b,python:S3776,src/scryntic/imports/launcher.py,initial,30,,No longer open,Actionable; repaired,"Cohesive validation, transaction, IPC, bounded intake and workload helpers reduce branching without changing domain ownership or security boundaries. Full scan confirms no remaining complexity findings.","Project source, focused regression tests, normal gates and full Sonar reanalysis"
b313d6ae-3001-4c1b-89ac-800339ce9d6a,python:S5754,src/scryntic/ingestion/sqlite_spool.py,initial,223,223,OPEN,Necessary fail-closed control flow,Interrupted startup must join the non-daemon writer before releasing ownership. An interruption during join retries cleanup; the original constructor exception is reraised after cleanup. Control-flow tests verify lock lifetime.,https://docs.python.org/3.12/library/concurrent.futures.html#concurrent.futures.Future.result
8923ed17-b4af-47bc-a2e3-540ed2eca191,python:S3776,src/scryntic/ingestion/sqlite_spool.py,initial,281,,No longer open,Actionable; repaired,"Cohesive validation, transaction, IPC, bounded intake and workload helpers reduce branching without changing domain ownership or security boundaries. Full scan confirms no remaining complexity findings.","Project source, focused regression tests, normal gates and full Sonar reanalysis"
8f871c09-f147-42d6-825c-c592b857ce30,python:S930,src/scryntic/ingestion/sqlite_spool.py,initial,284,314,OPEN,Verified API false positive,sqlite3.connect accepts autocommit since Python 3.12; project pins CPython 3.12.14. Explicit True plus SQL BEGIN/COMMIT/ROLLBACK is deliberate. tests/test_sqlite_state.py and ingestion/normalization/publication suites verify transactions; strict mypy passes.,https://docs.python.org/3.12/library/sqlite3.html#sqlite3.connect
87212c41-dfd5-41e2-bf18-1aeedd550aad,python:S5754,src/scryntic/ingestion/sqlite_spool.py,initial,309,305,OPEN,Necessary fail-closed control flow,"The dedicated writer puts the original BaseException in the request Future; caller Future.result reraises it. It retires the queue lane in finally. Control-flow tests cover KeyboardInterrupt, SystemExit and CancelledError with rollback and writer reuse.",https://docs.python.org/3.12/library/concurrent.futures.html#concurrent.futures.Future.result
dd093288-1d15-42c4-b2d8-2ef995000d88,python:S5754,src/scryntic/ingestion/sqlite_spool.py,initial,313,330,OPEN,Necessary fail-closed control flow,Every startup failure must signal _ready so the constructor cannot wait indefinitely; sanitized IngestionError crosses the worker boundary and the connection closes in finally. Startup and control-flow tests verify failure and ownership cleanup.,https://docs.python.org/3.12/library/concurrent.futures.html#concurrent.futures.Future.result
d5ed81ef-8fd4-4e04-9ce6-dd982db7bcf2,python:S3776,src/scryntic/ingestion/sqlite_spool.py,initial,395,,No longer open,Actionable; repaired,"Cohesive validation, transaction, IPC, bounded intake and workload helpers reduce branching without changing domain ownership or security boundaries. Full scan confirms no remaining complexity findings.","Project source, focused regression tests, normal gates and full Sonar reanalysis"
599f2504-3ff6-4133-815c-688ac4b8e78b,python:S3776,src/scryntic/ingestion/sqlite_spool.py,initial,471,,No longer open,Actionable; repaired,"Cohesive validation, transaction, IPC, bounded intake and workload helpers reduce branching without changing domain ownership or security boundaries. Full scan confirms no remaining complexity findings.","Project source, focused regression tests, normal gates and full Sonar reanalysis"
77c25156-61c5-4fc1-873f-ca239412fd22,python:S5754,src/scryntic/ingestion/sqlite_spool.py,initial,551,491,OPEN,Necessary fail-closed control flow,"Any rollback interruption poisons the writer via _WriterFatal, and recovery now verifies the transaction actually ended. Narrowing the catch would bypass poisoning for cancellation. Control-flow and test_sonar_recovery_rollback.py verify terminal errors and no-op rollback.",https://docs.python.org/3.12/library/concurrent.futures.html#concurrent.futures.Future.result
69f1f821-c3b2-47ab-8b3e-a4efdd37556a,python:S3776,src/scryntic/ingestion/sqlite_spool.py,initial,660,,No longer open,Actionable; repaired,"Cohesive validation, transaction, IPC, bounded intake and workload helpers reduce branching without changing domain ownership or security boundaries. Full scan confirms no remaining complexity findings.","Project source, focused regression tests, normal gates and full Sonar reanalysis"
a5b26993-9a4b-48b0-b520-8d46f2fc58ef,python:S5754,src/scryntic/ingestion/sqlite_spool.py,initial,692,,No longer open,Necessary fail-closed control flow,"Any rollback interruption poisons the writer via _WriterFatal, and recovery now verifies the transaction actually ended. Narrowing the catch would bypass poisoning for cancellation. Control-flow and test_sonar_recovery_rollback.py verify terminal errors and no-op rollback.",https://docs.python.org/3.12/library/concurrent.futures.html#concurrent.futures.Future.result
a05a7c38-debf-45f7-a4d7-1920430c2e8d,python:S6353,src/scryntic/normalization/bybit_candle.py,initial,26,,No longer open,Actionable; repaired,Used concise digit classes with retained or explicit re.ASCII. Unicode numeric/date regressions verify the accepted alphabet remains ASCII.,"Project source, focused regression tests, normal gates and full Sonar reanalysis"
d8ac79ed-60be-45e1-b7a3-01a578b084bc,python:S6353,src/scryntic/normalization/bybit_candle.py,initial,26,,No longer open,Actionable; repaired,Used concise digit classes with retained or explicit re.ASCII. Unicode numeric/date regressions verify the accepted alphabet remains ASCII.,"Project source, focused regression tests, normal gates and full Sonar reanalysis"
2976e970-f43a-4cdc-be57-ac78eab824ee,python:S6353,src/scryntic/normalization/bybit_candle.py,initial,27,,No longer open,Actionable; repaired,Used concise digit classes with retained or explicit re.ASCII. Unicode numeric/date regressions verify the accepted alphabet remains ASCII.,"Project source, focused regression tests, normal gates and full Sonar reanalysis"
ff766924-77ba-4e60-a8d1-44380203546d,python:S5864,src/scryntic/normalization/bybit_candle.py,initial,138,,No longer open,Verified type-model false positive; clearer precondition,An exact dict precondition rejects every non-dict and subclass before subscription. The apparent missing __getitem__ is an analyzer narrowing error. The type check was separated from shape validation; no redundant isinstance check or cast was kept merely to silence the analyzer. Focused normalization tests and strict mypy pass; runtime probe accepted valid dict/None and rejected 11 invalid/subclass inputs as ValueError without subscription TypeError.,https://docs.python.org/3.12/library/stdtypes.html#mapping-types-dict
bd7c9b41-e302-4e07-b32d-c8aabae8fb0a,python:S5864,src/scryntic/normalization/bybit_candle.py,review,139,139,OPEN,Verified type-model false positive; clearer precondition,An exact dict precondition rejects every non-dict and subclass before subscription. The apparent missing __getitem__ is an analyzer narrowing error. The type check was separated from shape validation; no redundant isinstance check or cast was kept merely to silence the analyzer. Focused normalization tests and strict mypy pass; runtime probe accepted valid dict/None and rejected 11 invalid/subclass inputs as ValueError without subscription TypeError.,https://docs.python.org/3.12/library/stdtypes.html#mapping-types-dict
df4f74db-4d11-4254-8f21-da9d3405897f,python:S5864,src/scryntic/normalization/bybit_candle.py,initial,139,,No longer open,Verified type-model false positive; clearer precondition,An exact dict precondition rejects every non-dict and subclass before subscription. The apparent missing __getitem__ is an analyzer narrowing error. The type check was separated from shape validation; no redundant isinstance check or cast was kept merely to silence the analyzer. Focused normalization tests and strict mypy pass; runtime probe accepted valid dict/None and rejected 11 invalid/subclass inputs as ValueError without subscription TypeError.,https://docs.python.org/3.12/library/stdtypes.html#mapping-types-dict
16b10c2b-8688-4b64-a9f5-227f540000a8,python:S5864,src/scryntic/normalization/bybit_candle.py,initial,140,,No longer open,Verified type-model false positive; clearer precondition,An exact dict precondition rejects every non-dict and subclass before subscription. The apparent missing __getitem__ is an analyzer narrowing error. The type check was separated from shape validation; no redundant isinstance check or cast was kept merely to silence the analyzer. Focused normalization tests and strict mypy pass; runtime probe accepted valid dict/None and rejected 11 invalid/subclass inputs as ValueError without subscription TypeError.,https://docs.python.org/3.12/library/stdtypes.html#mapping-types-dict
333bc840-cac3-46e6-923c-8c7a2791a520,python:S5864,src/scryntic/normalization/bybit_candle.py,review,140,140,OPEN,Verified type-model false positive; clearer precondition,An exact dict precondition rejects every non-dict and subclass before subscription. The apparent missing __getitem__ is an analyzer narrowing error. The type check was separated from shape validation; no redundant isinstance check or cast was kept merely to silence the analyzer. Focused normalization tests and strict mypy pass; runtime probe accepted valid dict/None and rejected 11 invalid/subclass inputs as ValueError without subscription TypeError.,https://docs.python.org/3.12/library/stdtypes.html#mapping-types-dict
fd3e83a6-c5a7-4390-9dcf-ed4afed91260,python:S5864,src/scryntic/normalization/bybit_candle.py,review,141,141,OPEN,Verified type-model false positive; clearer precondition,An exact dict precondition rejects every non-dict and subclass before subscription. The apparent missing __getitem__ is an analyzer narrowing error. The type check was separated from shape validation; no redundant isinstance check or cast was kept merely to silence the analyzer. Focused normalization tests and strict mypy pass; runtime probe accepted valid dict/None and rejected 11 invalid/subclass inputs as ValueError without subscription TypeError.,https://docs.python.org/3.12/library/stdtypes.html#mapping-types-dict
ec93baf1-0777-4e00-9ded-aa6cf2989b56,python:S5864,src/scryntic/normalization/bybit_candle.py,initial,143,,No longer open,Verified type-model false positive; clearer precondition,An exact dict precondition rejects every non-dict and subclass before subscription. The apparent missing __getitem__ is an analyzer narrowing error. The type check was separated from shape validation; no redundant isinstance check or cast was kept merely to silence the analyzer. Focused normalization tests and strict mypy pass; runtime probe accepted valid dict/None and rejected 11 invalid/subclass inputs as ValueError without subscription TypeError.,https://docs.python.org/3.12/library/stdtypes.html#mapping-types-dict
06e83e0c-354b-49d8-b32c-24c4dda0aa1d,python:S5864,src/scryntic/normalization/bybit_candle.py,review,144,144,OPEN,Verified type-model false positive; clearer precondition,An exact dict precondition rejects every non-dict and subclass before subscription. The apparent missing __getitem__ is an analyzer narrowing error. The type check was separated from shape validation; no redundant isinstance check or cast was kept merely to silence the analyzer. Focused normalization tests and strict mypy pass; runtime probe accepted valid dict/None and rejected 11 invalid/subclass inputs as ValueError without subscription TypeError.,https://docs.python.org/3.12/library/stdtypes.html#mapping-types-dict
95f0cf31-f0f6-4d1d-8e0c-5b58d54d3d5b,python:S3776,src/scryntic/normalization/bybit_candle.py,initial,146,,No longer open,Actionable; repaired,"Cohesive validation, transaction, IPC, bounded intake and workload helpers reduce branching without changing domain ownership or security boundaries. Full scan confirms no remaining complexity findings.","Project source, focused regression tests, normal gates and full Sonar reanalysis"
6186ebdb-8369-4b57-8623-eb9b23f7e580,python:S7500,src/scryntic/normalization/bybit_candle.py,initial,157,,No longer open,Actionable; repaired,"Replaced generator-throw JSON constant callbacks with explicit rejecting callbacks, preserving invalid constant rejection and sanitized parser errors.","Project source, focused regression tests, normal gates and full Sonar reanalysis"
224c198a-a26e-4015-9a6e-5285ba55d235,python:S6353,src/scryntic/normalization/candle.py,initial,41,,No longer open,Actionable; repaired,Used concise digit classes with retained or explicit re.ASCII. Unicode numeric/date regressions verify the accepted alphabet remains ASCII.,"Project source, focused regression tests, normal gates and full Sonar reanalysis"
e8af3c38-323c-4c11-a305-490f58dda192,python:S6353,src/scryntic/normalization/candle.py,initial,41,,No longer open,Actionable; repaired,Used concise digit classes with retained or explicit re.ASCII. Unicode numeric/date regressions verify the accepted alphabet remains ASCII.,"Project source, focused regression tests, normal gates and full Sonar reanalysis"
2a825f5d-c040-4b04-9ea8-0c0b8005f704,python:S6353,src/scryntic/normalization/candle.py,initial,43,,No longer open,Actionable; repaired,Used concise digit classes with retained or explicit re.ASCII. Unicode numeric/date regressions verify the accepted alphabet remains ASCII.,"Project source, focused regression tests, normal gates and full Sonar reanalysis"
55f389bc-0659-45c8-af80-7dcb04a4e622,python:S6353,src/scryntic/normalization/candle.py,initial,43,,No longer open,Actionable; repaired,Used concise digit classes with retained or explicit re.ASCII. Unicode numeric/date regressions verify the accepted alphabet remains ASCII.,"Project source, focused regression tests, normal gates and full Sonar reanalysis"
58944fd0-a7a6-482d-bc81-7fa94536b4fa,python:S6353,src/scryntic/normalization/candle.py,initial,43,,No longer open,Actionable; repaired,Used concise digit classes with retained or explicit re.ASCII. Unicode numeric/date regressions verify the accepted alphabet remains ASCII.,"Project source, focused regression tests, normal gates and full Sonar reanalysis"
3b5c0bc4-5ee0-4ed5-9e7e-38cc9f18a62e,python:S3776,src/scryntic/normalization/runner.py,initial,48,,No longer open,Actionable; repaired,"Cohesive validation, transaction, IPC, bounded intake and workload helpers reduce branching without changing domain ownership or security boundaries. Full scan confirms no remaining complexity findings.","Project source, focused regression tests, normal gates and full Sonar reanalysis"
92dada15-b6c3-4e80-8311-316870c3d79a,python:S930,src/scryntic/normalization/sqlite_store.py,initial,290,,No longer open,Verified API false positive,sqlite3.connect accepts autocommit since Python 3.12; project pins CPython 3.12.14. Explicit True plus SQL BEGIN/COMMIT/ROLLBACK is deliberate. tests/test_sqlite_state.py and ingestion/normalization/publication suites verify transactions; strict mypy passes.,https://docs.python.org/3.12/library/sqlite3.html#sqlite3.connect
79b1e505-089f-4434-b9e5-103bdbfe12c9,python:S3776,src/scryntic/normalization/sqlite_store.py,initial,332,,No longer open,Actionable; repaired,"Cohesive validation, transaction, IPC, bounded intake and workload helpers reduce branching without changing domain ownership or security boundaries. Full scan confirms no remaining complexity findings.","Project source, focused regression tests, normal gates and full Sonar reanalysis"
dd3fdd4b-a40a-4238-aaf6-f5cff128a9c0,python:S3776,src/scryntic/normalization/sqlite_store.py,initial,490,,No longer open,Actionable; repaired,"Cohesive validation, transaction, IPC, bounded intake and workload helpers reduce branching without changing domain ownership or security boundaries. Full scan confirms no remaining complexity findings.","Project source, focused regression tests, normal gates and full Sonar reanalysis"
ef35ea2a-e9c3-4b3f-8ad6-44303afb98cd,python:S3776,src/scryntic/normalization/sqlite_store.py,initial,572,,No longer open,Actionable; repaired,"Cohesive validation, transaction, IPC, bounded intake and workload helpers reduce branching without changing domain ownership or security boundaries. Full scan confirms no remaining complexity findings.","Project source, focused regression tests, normal gates and full Sonar reanalysis"
bb81876e-1777-4259-8b95-c0528989d4d2,python:S7503,src/scryntic/providers/fake.py,initial,82,82,OPEN,Necessary asynchronous contract,"These methods implement async archive/source/provider ports and existing await/asyncio.run consumers. Immediate coroutine completion is valid; removing async breaks callers, while an artificial await adds no useful work. Archive, source and forecast suites verify the contracts.",https://docs.python.org/3.12/library/asyncio-task.html#coroutines
503f567f-1f80-49f5-ae51-780b87e26e8e,python:S7503,src/scryntic/providers/fake.py,initial,93,93,OPEN,Necessary asynchronous contract,"These methods implement async archive/source/provider ports and existing await/asyncio.run consumers. Immediate coroutine completion is valid; removing async breaks callers, while an artificial await adds no useful work. Archive, source and forecast suites verify the contracts.",https://docs.python.org/3.12/library/asyncio-task.html#coroutines
a547b6da-383d-4546-8759-3ad0c14cf790,python:S3776,src/scryntic/publication/coordinator.py,initial,201,,No longer open,Actionable; repaired,"Cohesive validation, transaction, IPC, bounded intake and workload helpers reduce branching without changing domain ownership or security boundaries. Full scan confirms no remaining complexity findings.","Project source, focused regression tests, normal gates and full Sonar reanalysis"
1dd4df92-c1b2-455d-bed7-7d8ea623c93e,python:S3776,src/scryntic/publication/coordinator.py,initial,441,,No longer open,Actionable; repaired,"Cohesive validation, transaction, IPC, bounded intake and workload helpers reduce branching without changing domain ownership or security boundaries. Full scan confirms no remaining complexity findings.","Project source, focused regression tests, normal gates and full Sonar reanalysis"
e123d911-c5d2-414c-9e35-e2e509175fc2,python:S3776,src/scryntic/publication/manifest.py,initial,76,,No longer open,Actionable; repaired,"Cohesive validation, transaction, IPC, bounded intake and workload helpers reduce branching without changing domain ownership or security boundaries. Full scan confirms no remaining complexity findings.","Project source, focused regression tests, normal gates and full Sonar reanalysis"
b8b8b8a0-212c-4035-aa04-e1b44da61da7,python:S3776,src/scryntic/publication/reader.py,initial,111,,No longer open,Actionable; repaired,"Cohesive validation, transaction, IPC, bounded intake and workload helpers reduce branching without changing domain ownership or security boundaries. Full scan confirms no remaining complexity findings.","Project source, focused regression tests, normal gates and full Sonar reanalysis"
594898f8-b4c6-40d5-adfc-3bf976e16bab,python:S3776,src/scryntic/publication/reader.py,initial,160,,No longer open,Actionable; repaired,"Cohesive validation, transaction, IPC, bounded intake and workload helpers reduce branching without changing domain ownership or security boundaries. Full scan confirms no remaining complexity findings.","Project source, focused regression tests, normal gates and full Sonar reanalysis"
1a1053ea-d025-4560-acfd-6a7e1901b209,python:S3776,src/scryntic/publication/sqlite_store.py,initial,88,,No longer open,Actionable; repaired,"Cohesive validation, transaction, IPC, bounded intake and workload helpers reduce branching without changing domain ownership or security boundaries. Full scan confirms no remaining complexity findings.","Project source, focused regression tests, normal gates and full Sonar reanalysis"
b9f5a4d8-461e-46b4-8a37-31c5c0a18e65,python:S930,src/scryntic/publication/sqlite_store.py,initial,299,,No longer open,Verified API false positive,sqlite3.connect accepts autocommit since Python 3.12; project pins CPython 3.12.14. Explicit True plus SQL BEGIN/COMMIT/ROLLBACK is deliberate. tests/test_sqlite_state.py and ingestion/normalization/publication suites verify transactions; strict mypy passes.,https://docs.python.org/3.12/library/sqlite3.html#sqlite3.connect
8fcfee54-fbea-4d81-a5cd-0a4f195e6343,python:S3776,src/scryntic/publication/sqlite_store.py,initial,340,,No longer open,Actionable; repaired,"Cohesive validation, transaction, IPC, bounded intake and workload helpers reduce branching without changing domain ownership or security boundaries. Full scan confirms no remaining complexity findings.","Project source, focused regression tests, normal gates and full Sonar reanalysis"
04e03b41-2f7c-4e15-9030-cf9cef04f3f1,python:S3776,src/scryntic/publication/sqlite_store.py,initial,404,,No longer open,Actionable; repaired,"Cohesive validation, transaction, IPC, bounded intake and workload helpers reduce branching without changing domain ownership or security boundaries. Full scan confirms no remaining complexity findings.","Project source, focused regression tests, normal gates and full Sonar reanalysis"
01e2b06e-6d67-4387-8db9-01404d9cb835,python:S3776,src/scryntic/publication/sqlite_store.py,initial,585,,No longer open,Actionable; repaired,"Cohesive validation, transaction, IPC, bounded intake and workload helpers reduce branching without changing domain ownership or security boundaries. Full scan confirms no remaining complexity findings.","Project source, focused regression tests, normal gates and full Sonar reanalysis"
ef5b70d8-0fb8-4932-a79c-554df2197e98,python:S3776,src/scryntic/publication/sqlite_store.py,initial,715,,No longer open,Actionable; repaired,"Cohesive validation, transaction, IPC, bounded intake and workload helpers reduce branching without changing domain ownership or security boundaries. Full scan confirms no remaining complexity findings.","Project source, focused regression tests, normal gates and full Sonar reanalysis"
5974df5e-3153-486a-96b9-10d2911947ed,python:S5655,src/scryntic/recovery/coverage.py,initial,277,277,OPEN,Verified type-model false positive,"dataclasses.replace returns the same dataclass type: CoverageSnapshot or Enrollment, matching the callee annotation. Strict mypy and recovery/sync persisted-transition tests pass; runtime Enrollment probe confirmed exact type.",https://docs.python.org/3.12/library/dataclasses.html#dataclasses.replace
1d61bdc5-2d64-4da6-a0b5-d968b8617611,python:S5655,src/scryntic/recovery/coverage.py,initial,282,282,OPEN,Verified type-model false positive,"dataclasses.replace returns the same dataclass type: CoverageSnapshot or Enrollment, matching the callee annotation. Strict mypy and recovery/sync persisted-transition tests pass; runtime Enrollment probe confirmed exact type.",https://docs.python.org/3.12/library/dataclasses.html#dataclasses.replace
9547fc7a-181c-44eb-8003-63b2679f14fe,python:S5655,src/scryntic/recovery/coverage.py,initial,318,318,OPEN,Verified type-model false positive,"dataclasses.replace returns the same dataclass type: CoverageSnapshot or Enrollment, matching the callee annotation. Strict mypy and recovery/sync persisted-transition tests pass; runtime Enrollment probe confirmed exact type.",https://docs.python.org/3.12/library/dataclasses.html#dataclasses.replace
710776ea-571c-44aa-8f5c-473e57e959b4,python:S5655,src/scryntic/recovery/coverage.py,initial,333,333,OPEN,Verified type-model false positive,"dataclasses.replace returns the same dataclass type: CoverageSnapshot or Enrollment, matching the callee annotation. Strict mypy and recovery/sync persisted-transition tests pass; runtime Enrollment probe confirmed exact type.",https://docs.python.org/3.12/library/dataclasses.html#dataclasses.replace
2116ce44-25dd-4278-b030-fc7b5a5c7a5c,python:S5655,src/scryntic/recovery/coverage.py,initial,469,469,OPEN,Verified type-model false positive,"dataclasses.replace returns the same dataclass type: CoverageSnapshot or Enrollment, matching the callee annotation. Strict mypy and recovery/sync persisted-transition tests pass; runtime Enrollment probe confirmed exact type.",https://docs.python.org/3.12/library/dataclasses.html#dataclasses.replace
1b0cd66a-4191-49e9-a06d-072af09fae31,python:S5655,src/scryntic/recovery/coverage.py,initial,488,488,OPEN,Verified type-model false positive,"dataclasses.replace returns the same dataclass type: CoverageSnapshot or Enrollment, matching the callee annotation. Strict mypy and recovery/sync persisted-transition tests pass; runtime Enrollment probe confirmed exact type.",https://docs.python.org/3.12/library/dataclasses.html#dataclasses.replace
ed0b4c25-e09b-4476-bf6b-10cbc58bce67,python:S5655,src/scryntic/recovery/coverage.py,initial,495,495,OPEN,Verified type-model false positive,"dataclasses.replace returns the same dataclass type: CoverageSnapshot or Enrollment, matching the callee annotation. Strict mypy and recovery/sync persisted-transition tests pass; runtime Enrollment probe confirmed exact type.",https://docs.python.org/3.12/library/dataclasses.html#dataclasses.replace
a7c10feb-0ded-47b6-aab9-16de074280a9,python:S5655,src/scryntic/recovery/coverage.py,initial,500,500,OPEN,Verified type-model false positive,"dataclasses.replace returns the same dataclass type: CoverageSnapshot or Enrollment, matching the callee annotation. Strict mypy and recovery/sync persisted-transition tests pass; runtime Enrollment probe confirmed exact type.",https://docs.python.org/3.12/library/dataclasses.html#dataclasses.replace
54ba4f2c-681d-41d2-b19a-fa66670a85fc,python:S5655,src/scryntic/recovery/coverage.py,initial,517,517,OPEN,Verified type-model false positive,"dataclasses.replace returns the same dataclass type: CoverageSnapshot or Enrollment, matching the callee annotation. Strict mypy and recovery/sync persisted-transition tests pass; runtime Enrollment probe confirmed exact type.",https://docs.python.org/3.12/library/dataclasses.html#dataclasses.replace
1c06d75c-3960-41ea-982e-9abf51050459,python:S7497,src/scryntic/recovery/supervisor.py,initial,96,96,OPEN,Necessary cancellation boundary,"_settle joins shielded durable work despite repeated caller cancellation, then raises CancelledError. Immediate propagation would abandon submitted SQLite work. tests/recovery/test_settle_cancellation.py verifies the join precedes propagation.",https://docs.python.org/3.12/library/asyncio-task.html#shielding-from-cancellation
701f8e7a-ffad-472a-9fda-7801cd212d8d,python:S6353,src/scryntic/sources/bybit.py,initial,71,,No longer open,Actionable; repaired,Used concise digit classes with retained or explicit re.ASCII. Unicode numeric/date regressions verify the accepted alphabet remains ASCII.,"Project source, focused regression tests, normal gates and full Sonar reanalysis"
7442bba6-e26c-402d-88ca-ee5a3d929231,python:S6353,src/scryntic/sources/bybit.py,initial,71,,No longer open,Actionable; repaired,Used concise digit classes with retained or explicit re.ASCII. Unicode numeric/date regressions verify the accepted alphabet remains ASCII.,"Project source, focused regression tests, normal gates and full Sonar reanalysis"
71e6ae7e-d781-4227-8279-4a23206c0b97,python:S6353,src/scryntic/sources/bybit.py,initial,72,,No longer open,Actionable; repaired,Used concise digit classes with retained or explicit re.ASCII. Unicode numeric/date regressions verify the accepted alphabet remains ASCII.,"Project source, focused regression tests, normal gates and full Sonar reanalysis"
2397c03a-347c-4f5a-a00f-848338786ac6,python:S3776,src/scryntic/sources/bybit.py,initial,127,,No longer open,Actionable; repaired,"Cohesive validation, transaction, IPC, bounded intake and workload helpers reduce branching without changing domain ownership or security boundaries. Full scan confirms no remaining complexity findings.","Project source, focused regression tests, normal gates and full Sonar reanalysis"
30449ee1-2689-4c0d-ae0b-3b1293ba5ff4,python:S4830,src/scryntic/sources/bybit.py,initial,141,170,OPEN,Verified TLS false positive,"The actual aiohttp connector receives ssl.create_default_context(), with CERT_REQUIRED and check_hostname=True. HTTP and WebSocket regression tests inspect the effective context. No verification bypass was introduced; unit tests are not a live exchange handshake.",https://docs.python.org/3.12/library/ssl.html#ssl.create_default_context
6b65ac3a-fa1a-4ded-976f-6f2ba2515753,python:S7500,src/scryntic/sources/bybit.py,initial,415,,No longer open,Actionable; repaired,"Replaced generator-throw JSON constant callbacks with explicit rejecting callbacks, preserving invalid constant rejection and sanitized parser errors.","Project source, focused regression tests, normal gates and full Sonar reanalysis"
e1aa7e92-7293-4315-90d0-8d7102fb86ea,python:S7503,src/scryntic/sources/bybit.py,initial,488,498,OPEN,Necessary asynchronous contract,"These methods implement async archive/source/provider ports and existing await/asyncio.run consumers. Immediate coroutine completion is valid; removing async breaks callers, while an artificial await adds no useful work. Archive, source and forecast suites verify the contracts.",https://docs.python.org/3.12/library/asyncio-task.html#coroutines
d32bbcc9-61e9-4bbc-911b-ef27c85a0a1e,python:S3776,src/scryntic/sources/bybit.py,initial,491,,No longer open,Actionable; repaired,"Cohesive validation, transaction, IPC, bounded intake and workload helpers reduce branching without changing domain ownership or security boundaries. Full scan confirms no remaining complexity findings.","Project source, focused regression tests, normal gates and full Sonar reanalysis"
4121698f-a41b-4ca8-a690-7642ea10cbc4,python:S3776,src/scryntic/sources/bybit.py,initial,572,,No longer open,Actionable; repaired,"Cohesive validation, transaction, IPC, bounded intake and workload helpers reduce branching without changing domain ownership or security boundaries. Full scan confirms no remaining complexity findings.","Project source, focused regression tests, normal gates and full Sonar reanalysis"
e01e6b2a-af9d-4afd-bb80-a8c28ec238ab,python:S6353,src/scryntic/sources/bybit_live.py,initial,49,,No longer open,Actionable; repaired,Used concise digit classes with retained or explicit re.ASCII. Unicode numeric/date regressions verify the accepted alphabet remains ASCII.,"Project source, focused regression tests, normal gates and full Sonar reanalysis"
f2910e9e-9c6a-4d15-ac60-038084f78ee6,python:S6353,src/scryntic/sources/bybit_live.py,initial,49,,No longer open,Actionable; repaired,Used concise digit classes with retained or explicit re.ASCII. Unicode numeric/date regressions verify the accepted alphabet remains ASCII.,"Project source, focused regression tests, normal gates and full Sonar reanalysis"
833b0092-d7ed-477d-93a9-39fd3fffb28a,python:S4830,src/scryntic/sources/bybit_live.py,initial,162,162,OPEN,Verified TLS false positive,"The actual aiohttp connector receives ssl.create_default_context(), with CERT_REQUIRED and check_hostname=True. HTTP and WebSocket regression tests inspect the effective context. No verification bypass was introduced; unit tests are not a live exchange handshake.",https://docs.python.org/3.12/library/ssl.html#ssl.create_default_context
8a51bd8f-f208-463b-8800-19de12bd4cd8,python:S7500,src/scryntic/sources/bybit_live.py,initial,212,,No longer open,Actionable; repaired,"Replaced generator-throw JSON constant callbacks with explicit rejecting callbacks, preserving invalid constant rejection and sanitized parser errors.","Project source, focused regression tests, normal gates and full Sonar reanalysis"
0c9824f5-5ace-4a5a-baa9-1ae4d150ff25,python:S3776,src/scryntic/sources/bybit_live.py,initial,437,,No longer open,Actionable; repaired,"Cohesive validation, transaction, IPC, bounded intake and workload helpers reduce branching without changing domain ownership or security boundaries. Full scan confirms no remaining complexity findings.","Project source, focused regression tests, normal gates and full Sonar reanalysis"
258f4381-fb46-44d8-8a9d-49c8412dae39,python:S3776,src/scryntic/sources/bybit_live.py,initial,497,,No longer open,Actionable; repaired,"Cohesive validation, transaction, IPC, bounded intake and workload helpers reduce branching without changing domain ownership or security boundaries. Full scan confirms no remaining complexity findings.","Project source, focused regression tests, normal gates and full Sonar reanalysis"
8a304994-459e-4bd8-8048-d651aa35b52c,python:S3776,src/scryntic/sources/bybit_live.py,initial,572,,No longer open,Actionable; repaired,"Cohesive validation, transaction, IPC, bounded intake and workload helpers reduce branching without changing domain ownership or security boundaries. Full scan confirms no remaining complexity findings.","Project source, focused regression tests, normal gates and full Sonar reanalysis"
a098b71e-ff71-4887-95e3-ae9433c129cc,python:S7497,src/scryntic/sources/bybit_live.py,repair,681,681,OPEN,Necessary cancellation boundary,Only source-owned child cancellation is consumed during source.close when the stream owner has no pending cancellation. External owner cancellation is reraised. This preserves the original HEAD behavior; deterministic close-plus-owner-cancel and graceful-close tests verify both paths.,https://docs.python.org/3.12/library/asyncio-task.html#shielding-from-cancellation
0fddff70-d139-4557-8472-be0b57727c30,python:S7483,src/scryntic/sources/bybit_live.py,repair,692,,No longer open,Actionable; repaired,Used asyncio.timeout around the actual closed-event wait; focused cancellation and transport tests preserve pause/backoff semantics.,"Project source, focused regression tests, normal gates and full Sonar reanalysis"
d7a9bab1-aa5f-4a17-8eae-ec9847d271a4,python:S7503,src/scryntic/sources/fake.py,initial,108,108,OPEN,Necessary asynchronous contract,"These methods implement async archive/source/provider ports and existing await/asyncio.run consumers. Immediate coroutine completion is valid; removing async breaks callers, while an artificial await adds no useful work. Archive, source and forecast suites verify the contracts.",https://docs.python.org/3.12/library/asyncio-task.html#coroutines
67521227-54e5-45a9-ac5e-40f35d9a523a,python:S7503,src/scryntic/sources/fake.py,initial,140,140,OPEN,Necessary asynchronous contract,"These methods implement async archive/source/provider ports and existing await/asyncio.run consumers. Immediate coroutine completion is valid; removing async breaks callers, while an artificial await adds no useful work. Archive, source and forecast suites verify the contracts.",https://docs.python.org/3.12/library/asyncio-task.html#coroutines
ea45836a-c7b3-4521-9512-605cfdb4da6d,python:S930,src/scryntic/sqlite_state.py,repair,41,43,OPEN,Verified API false positive,sqlite3.connect accepts autocommit since Python 3.12; project pins CPython 3.12.14. Explicit True plus SQL BEGIN/COMMIT/ROLLBACK is deliberate. tests/test_sqlite_state.py and ingestion/normalization/publication suites verify transactions; strict mypy passes.,https://docs.python.org/3.12/library/sqlite3.html#sqlite3.connect
2e52781a-4688-4f65-90ab-cfff12c8125d,python:S5754,src/scryntic/sync/catalog.py,initial,101,102,OPEN,Necessary fail-closed control flow,The rollback-failure handler closes the catalog; the outer handler then reraises the original BaseException. It cannot silently continue with an open transaction or swallow cancellation. Sync transaction tests verify fail-closed behavior.,https://docs.python.org/3.12/library/contextlib.html#contextlib.contextmanager
bd33b240-8dac-4083-a134-9344fe6d10b2,python:S1192,src/scryntic/sync/catalog.py,initial,227,,No longer open,Actionable; repaired,Reused the existing history-limit message through a local constant.,"Project source, focused regression tests, normal gates and full Sonar reanalysis"
650a5e69-f182-4be4-bb86-9eb06e104292,python:S5655,src/scryntic/sync/catalog.py,initial,281,282,OPEN,Verified type-model false positive,"dataclasses.replace returns the same dataclass type: CoverageSnapshot or Enrollment, matching the callee annotation. Strict mypy and recovery/sync persisted-transition tests pass; runtime Enrollment probe confirmed exact type.",https://docs.python.org/3.12/library/dataclasses.html#dataclasses.replace
4ddbe541-a3dd-498e-9b6e-364430fdaf48,python:S5655,src/scryntic/sync/catalog.py,initial,284,285,OPEN,Verified type-model false positive,"dataclasses.replace returns the same dataclass type: CoverageSnapshot or Enrollment, matching the callee annotation. Strict mypy and recovery/sync persisted-transition tests pass; runtime Enrollment probe confirmed exact type.",https://docs.python.org/3.12/library/dataclasses.html#dataclasses.replace
dc28ebbc-fbd8-4f47-a9da-edc9f7f47966,python:S6353,src/scryntic/sync/pull.py,initial,108,,No longer open,Actionable; repaired,Used concise digit classes with retained or explicit re.ASCII. Unicode numeric/date regressions verify the accepted alphabet remains ASCII.,"Project source, focused regression tests, normal gates and full Sonar reanalysis"
9e10e088-7ad8-4c4a-8ae3-12bf6ce8dc5c,python:S3776,src/scryntic/sync/pull.py,initial,133,,No longer open,Actionable; repaired,"Cohesive validation, transaction, IPC, bounded intake and workload helpers reduce branching without changing domain ownership or security boundaries. Full scan confirms no remaining complexity findings.","Project source, focused regression tests, normal gates and full Sonar reanalysis"
535ff956-c529-498b-823c-cb726770139f,python:S5778,tests/archive/test_raw_framed.py,initial,74,,No longer open,Actionable; repaired,Moved preparation and cleanup outside expected-exception assertions; each assertion now identifies the throwing operation. Staging separately verifies raw inode rejection and public exception translation.,"Project source, focused regression tests, normal gates and full Sonar reanalysis"
215dc8c1-cc59-49db-b4fc-52d3644f9c1d,python:S5778,tests/archive/test_raw_framed.py,initial,82,,No longer open,Actionable; repaired,Moved preparation and cleanup outside expected-exception assertions; each assertion now identifies the throwing operation. Staging separately verifies raw inode rejection and public exception translation.,"Project source, focused regression tests, normal gates and full Sonar reanalysis"
d3478705-7e87-4b2c-9e03-bf70888a7ea2,python:S5778,tests/archive/test_raw_framed.py,initial,88,,No longer open,Actionable; repaired,Moved preparation and cleanup outside expected-exception assertions; each assertion now identifies the throwing operation. Staging separately verifies raw inode rejection and public exception translation.,"Project source, focused regression tests, normal gates and full Sonar reanalysis"
0d3db8c1-2e5e-4097-8950-d445398d629a,python:S5778,tests/normalization/test_recovery.py,initial,159,,No longer open,Actionable; repaired,Moved preparation and cleanup outside expected-exception assertions; each assertion now identifies the throwing operation. Staging separately verifies raw inode rejection and public exception translation.,"Project source, focused regression tests, normal gates and full Sonar reanalysis"
be97b8d3-f03b-4795-bf76-f8e256e94fed,python:S5778,tests/normalization/test_sqlite_store.py,initial,1122,,No longer open,Actionable; repaired,Moved preparation and cleanup outside expected-exception assertions; each assertion now identifies the throwing operation. Staging separately verifies raw inode rejection and public exception translation.,"Project source, focused regression tests, normal gates and full Sonar reanalysis"
bc7e15af-2798-446e-9a2a-94465933ee75,python:S5863,tests/publication/test_sqlite_store.py,initial,114,,No longer open,Actionable; repaired,Stored the first and second reservation results separately to verify idempotence clearly.,"Project source, focused regression tests, normal gates and full Sonar reanalysis"
2fb61204-de27-4f73-bcc9-8719bdb3a106,python:S5778,tests/recovery/test_supervisor.py,initial,261,,No longer open,Actionable; repaired,Moved preparation and cleanup outside expected-exception assertions; each assertion now identifies the throwing operation. Staging separately verifies raw inode rejection and public exception translation.,"Project source, focused regression tests, normal gates and full Sonar reanalysis"
908671fa-95c6-44a3-8e40-b888385651d4,python:S5778,tests/recovery/test_transport.py,initial,60,,No longer open,Actionable; repaired,Moved preparation and cleanup outside expected-exception assertions; each assertion now identifies the throwing operation. Staging separately verifies raw inode rejection and public exception translation.,"Project source, focused regression tests, normal gates and full Sonar reanalysis"
513f17cc-8b98-4b64-8c5e-d2efe2191fb3,python:S5778,tests/recovery/test_transport.py,initial,89,,No longer open,Actionable; repaired,Moved preparation and cleanup outside expected-exception assertions; each assertion now identifies the throwing operation. Staging separately verifies raw inode rejection and public exception translation.,"Project source, focused regression tests, normal gates and full Sonar reanalysis"
c6accdd6-2625-44f3-91d5-12a36806f2a2,python:S5778,tests/sources/test_bybit.py,initial,329,,No longer open,Actionable; repaired,Moved preparation and cleanup outside expected-exception assertions; each assertion now identifies the throwing operation. Staging separately verifies raw inode rejection and public exception translation.,"Project source, focused regression tests, normal gates and full Sonar reanalysis"
10163c69-b505-4aca-a26e-7170630df278,python:S5778,tests/sources/test_bybit.py,initial,333,,No longer open,Actionable; repaired,Moved preparation and cleanup outside expected-exception assertions; each assertion now identifies the throwing operation. Staging separately verifies raw inode rejection and public exception translation.,"Project source, focused regression tests, normal gates and full Sonar reanalysis"
0c70f853-8317-4ebb-aaea-717ee03e8827,python:S5778,tests/sources/test_bybit.py,initial,338,,No longer open,Actionable; repaired,Moved preparation and cleanup outside expected-exception assertions; each assertion now identifies the throwing operation. Staging separately verifies raw inode rejection and public exception translation.,"Project source, focused regression tests, normal gates and full Sonar reanalysis"
f6422994-9ccf-40bf-8303-7fef7921469a,python:S5778,tests/sources/test_bybit.py,initial,341,,No longer open,Actionable; repaired,Moved preparation and cleanup outside expected-exception assertions; each assertion now identifies the throwing operation. Staging separately verifies raw inode rejection and public exception translation.,"Project source, focused regression tests, normal gates and full Sonar reanalysis"
6d104010-bf8d-42dd-95e3-55bdd515b7f8,python:S5778,tests/sources/test_bybit.py,initial,394,,No longer open,Actionable; repaired,Moved preparation and cleanup outside expected-exception assertions; each assertion now identifies the throwing operation. Staging separately verifies raw inode rejection and public exception translation.,"Project source, focused regression tests, normal gates and full Sonar reanalysis"
a74358c1-d6d9-44b2-a3c5-32d061b670df,python:S5778,tests/sources/test_sonar_contract_regressions.py,repair,27,,No longer open,Actionable; repaired,Moved preparation and cleanup outside expected-exception assertions; each assertion now identifies the throwing operation. Staging separately verifies raw inode rejection and public exception translation.,"Project source, focused regression tests, normal gates and full Sonar reanalysis"
41f59e7c-d772-4fcf-b5b8-9d2900815db8,python:S5778,tests/sync/test_pull.py,initial,169,,No longer open,Actionable; repaired,Moved preparation and cleanup outside expected-exception assertions; each assertion now identifies the throwing operation. Staging separately verifies raw inode rejection and public exception translation.,"Project source, focused regression tests, normal gates and full Sonar reanalysis"
ed400476-2972-46af-baf0-3ea1be1d0ea9,python:S5778,tests/sync/test_pull.py,initial,187,,No longer open,Actionable; repaired,Moved preparation and cleanup outside expected-exception assertions; each assertion now identifies the throwing operation. Staging separately verifies raw inode rejection and public exception translation.,"Project source, focused regression tests, normal gates and full Sonar reanalysis"
00c7339a-5bb7-40f9-b7c0-cbf7af97bad7,python:S5778,tests/sync/test_pull.py,initial,266,,No longer open,Actionable; repaired,Moved preparation and cleanup outside expected-exception assertions; each assertion now identifies the throwing operation. Staging separately verifies raw inode rejection and public exception translation.,"Project source, focused regression tests, normal gates and full Sonar reanalysis"
6fb9d5c8-ba8f-41f9-90e9-5a7617fde028,python:S5778,tests/sync/test_pull.py,initial,277,,No longer open,Actionable; repaired,Moved preparation and cleanup outside expected-exception assertions; each assertion now identifies the throwing operation. Staging separately verifies raw inode rejection and public exception translation.,"Project source, focused regression tests, normal gates and full Sonar reanalysis"
84c9a23b-5086-45b9-87a9-afccaa3955b7,python:S5778,tests/sync/test_pull.py,initial,379,,No longer open,Actionable; repaired,Moved preparation and cleanup outside expected-exception assertions; each assertion now identifies the throwing operation. Staging separately verifies raw inode rejection and public exception translation.,"Project source, focused regression tests, normal gates and full Sonar reanalysis"
b819106b-03b9-424f-93b3-433fccefe048,python:S5778,tests/sync/test_pull.py,initial,400,,No longer open,Actionable; repaired,Moved preparation and cleanup outside expected-exception assertions; each assertion now identifies the throwing operation. Staging separately verifies raw inode rejection and public exception translation.,"Project source, focused regression tests, normal gates and full Sonar reanalysis"
04459f1d-763d-4334-9a58-8d8fef3cf040,python:S5778,tests/sync/test_staging.py,initial,63,,No longer open,Actionable; repaired,Moved preparation and cleanup outside expected-exception assertions; each assertion now identifies the throwing operation. Staging separately verifies raw inode rejection and public exception translation.,"Project source, focused regression tests, normal gates and full Sonar reanalysis"
9acb6b2e-0970-4684-8f34-f8e0a2f211a9,python:S5778,tests/sync/test_staging.py,initial,89,,No longer open,Actionable; repaired,Moved preparation and cleanup outside expected-exception assertions; each assertion now identifies the throwing operation. Staging separately verifies raw inode rejection and public exception translation.,"Project source, focused regression tests, normal gates and full Sonar reanalysis"
44ac9ec8-333b-46b9-9613-0fd55530a258,python:S5778,tests/test_sqlite_state.py,repair,26,,No longer open,Actionable; repaired,Moved preparation and cleanup outside expected-exception assertions; each assertion now identifies the throwing operation. Staging separately verifies raw inode rejection and public exception translation.,"Project source, focused regression tests, normal gates and full Sonar reanalysis"
86ea2aa6-1036-4120-a3e7-38166e72c88d,python:S5778,tests/test_sqlite_state.py,repair,68,,No longer open,Actionable; repaired,Moved preparation and cleanup outside expected-exception assertions; each assertion now identifies the throwing operation. Staging separately verifies raw inode rejection and public exception translation.,"Project source, focused regression tests, normal gates and full Sonar reanalysis"
